الميزانية,القناة,الجمهور,المدة,حالة_السوق,النجاح
126958,راديو,45-54,8,طبيعية,0
151867,وسائل التواصل,25-34,22,أزمة اقتصادية,1
136932,إعلانات رقمية,45-54,15,أزمة كورونا,0
108694,وسائل التواصل,45-54,79,طبيعية,1
124879,إعلانات رقمية,18-24,44,طبيعية,0
115268,راديو,35-44,81,طبيعية,1
59886,إعلانات رقمية,35-44,60,طبيعية,1
142337,إعلانات رقمية,35-44,62,أزمة اقتصادية,1
173266,إعلانات رقمية,25-34,51,طبيعية,1
92498,وسائل التواصل,25-34,40,طبيعية,0
117727,راديو,25-34,15,طبيعية,1
131324,إعلانات رقمية,25-34,14,طبيعية,1
180203,تلفزيون,35-44,13,أزمة كورونا,1
196335,إعلانات رقمية,35-44,42,أزمة كورونا,1
21023,تلفزيون,25-34,24,أزمة كورونا,0
46090,إعلانات رقمية,35-44,9,طبيعية,1
72221,إعلانات رقمية,18-24,34,طبيعية,0
69820,وسائل التواصل,25-34,76,طبيعية,1
5769,بريد إلكتروني,45-54,50,أزمة اقتصادية,0
64735,راديو,25-34,27,طبيعية,1
199027,وسائل التواصل,18-24,34,طبيعية,1
69925,راديو,18-24,60,أزمة كورونا,0
10311,إعلانات رقمية,25-34,60,أزمة كورونا,0
108355,بريد إلكتروني,55+,71,طبيعية,1
189779,وسائل التواصل,35-44,27,طبيعية,1
90305,تلفزيون,45-54,19,طبيعية,0
164765,تلفزيون,35-44,63,أزمة اقتصادية,0
135608,تلفزيون,25-34,55,طبيعية,1
161730,وسائل التواصل,25-34,60,أزمة اقتصادية,1
89478,وسائل التواصل,35-44,16,طبيعية,0
127537,تلفزيون,18-24,59,أزمة اقتصادية,1
154503,إعلانات رقمية,45-54,50,أزمة اقتصادية,0
135523,بريد إلكتروني,45-54,53,طبيعية,1
7747,تلفزيون,25-34,59,أزمة اقتصادية,0
128855,إعلانات رقمية,55+,80,طبيعية,1
195222,تلفزيون,45-54,52,أزمة اقتصادية,1
70725,وسائل التواصل,35-44,19,أزمة كورونا,0
134981,تلفزيون,18-24,43,طبيعية,0
89654,تلفزيون,25-34,30,أزمة كورونا,0
171845,إعلانات رقمية,25-34,8,أزمة اقتصادية,1
124346,وسائل التواصل,25-34,87,طبيعية,1
72435,راديو,18-24,20,طبيعية,0
61886,إعلانات رقمية,35-44,16,أزمة كورونا,0
71803,وسائل التواصل,18-24,41,أزمة اقتصادية,1
36551,إعلانات رقمية,35-44,31,طبيعية,0
121216,وسائل التواصل,45-54,9,طبيعية,0
16394,وسائل التواصل,45-54,23,طبيعية,0
74092,وسائل التواصل,25-34,18,طبيعية,1
8890,إعلانات رقمية,45-54,60,طبيعية,0
46606,وسائل التواصل,18-24,30,أزمة اقتصادية,0
92313,إعلانات رقمية,18-24,35,طبيعية,1
146699,إعلانات رقمية,35-44,49,أزمة كورونا,1
13792,إعلانات رقمية,25-34,31,طبيعية,1
179073,إعلانات رقمية,25-34,66,طبيعية,1
159969,وسائل التواصل,35-44,71,طبيعية,1
73148,وسائل التواصل,18-24,90,طبيعية,0
129243,تلفزيون,25-34,34,أزمة كورونا,0
125174,إعلانات رقمية,25-34,22,أزمة اقتصادية,1
159555,راديو,35-44,53,أزمة كورونا,0
129358,تلفزيون,35-44,87,أزمة اقتصادية,1
53555,وسائل التواصل,25-34,64,أزمة اقتصادية,1
22159,راديو,25-34,82,طبيعية,0
115510,بريد إلكتروني,18-24,33,أزمة اقتصادية,1
111530,إعلانات رقمية,18-24,59,أزمة كورونا,1
85077,إعلانات رقمية,35-44,48,طبيعية,1
40920,راديو,25-34,65,أزمة كورونا,1
24457,تلفزيون,18-24,53,طبيعية,0
83953,إعلانات رقمية,35-44,40,طبيعية,1
57995,تلفزيون,35-44,43,أزمة كورونا,0
176829,تلفزيون,35-44,12,طبيعية,1
14692,تلفزيون,25-34,13,طبيعية,0
181830,تلفزيون,25-34,31,أزمة اقتصادية,1
42065,تلفزيون,25-34,39,أزمة كورونا,0
104299,إعلانات رقمية,18-24,61,طبيعية,1
168678,إعلانات رقمية,35-44,64,أزمة كورونا,1
16534,وسائل التواصل,45-54,13,طبيعية,1
45397,راديو,35-44,63,طبيعية,1
96387,إعلانات رقمية,35-44,18,أزمة اقتصادية,1
6016,وسائل التواصل,25-34,22,أزمة كورونا,1
60591,وسائل التواصل,35-44,86,طبيعية,0
28247,وسائل التواصل,25-34,49,أزمة اقتصادية,1
29300,تلفزيون,25-34,83,أزمة اقتصادية,0
87798,راديو,25-34,13,طبيعية,1
14268,وسائل التواصل,18-24,57,طبيعية,1
91807,وسائل التواصل,25-34,79,طبيعية,1
17185,وسائل التواصل,55+,38,أزمة كورونا,0
199776,وسائل التواصل,25-34,81,أزمة كورونا,1
175171,إعلانات رقمية,18-24,14,أزمة كورونا,1
144643,إعلانات رقمية,25-34,78,أزمة اقتصادية,1
43044,وسائل التواصل,35-44,51,أزمة كورونا,1
56214,إعلانات رقمية,35-44,65,طبيعية,1
197300,إعلانات رقمية,35-44,10,طبيعية,1
119752,وسائل التواصل,18-24,73,طبيعية,1
53984,وسائل التواصل,35-44,35,طبيعية,1
45774,إعلانات رقمية,25-34,35,أزمة كورونا,0
7568,تلفزيون,45-54,34,أزمة اقتصادية,1
125151,وسائل التواصل,35-44,83,طبيعية,1
198664,إعلانات رقمية,18-24,85,طبيعية,1
138767,راديو,18-24,50,أزمة كورونا,0
129375,وسائل التواصل,18-24,10,طبيعية,1
184262,تلفزيون,25-34,15,طبيعية,1
141330,وسائل التواصل,25-34,11,طبيعية,1
44504,بريد إلكتروني,35-44,62,طبيعية,0
169231,تلفزيون,25-34,90,أزمة اقتصادية,1
18986,تلفزيون,25-34,56,طبيعية,0
66858,تلفزيون,18-24,81,طبيعية,0
134312,إعلانات رقمية,18-24,21,طبيعية,1
17666,إعلانات رقمية,45-54,38,أزمة اقتصادية,1
43660,تلفزيون,25-34,34,طبيعية,1
139633,وسائل التواصل,35-44,28,طبيعية,1
31854,تلفزيون,45-54,23,طبيعية,1
69505,إعلانات رقمية,35-44,65,طبيعية,1
109488,وسائل التواصل,45-54,77,طبيعية,0
188323,إعلانات رقمية,25-34,63,أزمة كورونا,1
27662,وسائل التواصل,55+,32,طبيعية,1
13392,وسائل التواصل,18-24,31,طبيعية,1
35535,وسائل التواصل,18-24,16,أزمة اقتصادية,0
118569,وسائل التواصل,35-44,51,طبيعية,1
57256,وسائل التواصل,45-54,89,طبيعية,0
94135,وسائل التواصل,45-54,17,طبيعية,1
132478,تلفزيون,18-24,83,أزمة اقتصادية,0
40222,إعلانات رقمية,25-34,59,طبيعية,0
82373,وسائل التواصل,45-54,78,أزمة اقتصادية,0
128684,وسائل التواصل,25-34,74,أزمة كورونا,1
199407,تلفزيون,35-44,34,طبيعية,1
15965,وسائل التواصل,45-54,81,أزمة اقتصادية,1
29538,تلفزيون,25-34,71,طبيعية,0
113066,بريد إلكتروني,25-34,55,طبيعية,1
118252,إعلانات رقمية,25-34,53,أزمة اقتصادية,0
144182,إعلانات رقمية,25-34,58,أزمة كورونا,1
163338,وسائل التواصل,45-54,60,أزمة كورونا,1
189064,إعلانات رقمية,25-34,66,طبيعية,1
103806,وسائل التواصل,45-54,63,طبيعية,1
142982,راديو,18-24,53,أزمة كورونا,0
115989,إعلانات رقمية,55+,37,طبيعية,0
95982,إعلانات رقمية,25-34,52,طبيعية,0
126626,إعلانات رقمية,18-24,32,طبيعية,0
124176,تلفزيون,18-24,11,طبيعية,0
136278,وسائل التواصل,35-44,90,أزمة اقتصادية,0
127409,إعلانات رقمية,35-44,58,طبيعية,1
28419,راديو,45-54,81,أزمة اقتصادية,0
186708,تلفزيون,18-24,60,طبيعية,1
55015,إعلانات رقمية,18-24,39,أزمة كورونا,1
127096,وسائل التواصل,25-34,56,طبيعية,1
112059,تلفزيون,25-34,44,طبيعية,1
190340,إعلانات رقمية,25-34,33,طبيعية,1
115687,إعلانات رقمية,55+,21,طبيعية,1
92939,إعلانات رقمية,55+,67,طبيعية,1
154213,إعلانات رقمية,45-54,27,أزمة اقتصادية,0
110878,تلفزيون,35-44,52,أزمة كورونا,1
192116,راديو,25-34,75,طبيعية,1
169899,إعلانات رقمية,25-34,12,طبيعية,1
191892,إعلانات رقمية,25-34,44,طبيعية,1
67623,إعلانات رقمية,45-54,68,طبيعية,0
80450,إعلانات رقمية,18-24,68,أزمة كورونا,1
98426,تلفزيون,25-34,88,أزمة اقتصادية,0
122845,إعلانات رقمية,18-24,84,طبيعية,1
158371,إعلانات رقمية,25-34,80,طبيعية,0
48585,إعلانات رقمية,45-54,52,طبيعية,0
114225,وسائل التواصل,35-44,19,أزمة كورونا,0
69044,إعلانات رقمية,25-34,9,طبيعية,1
178629,تلفزيون,55+,12,أزمة كورونا,1
185152,إعلانات رقمية,35-44,14,أزمة كورونا,1
114556,تلفزيون,18-24,50,طبيعية,0
7693,وسائل التواصل,25-34,39,أزمة كورونا,1
100259,إعلانات رقمية,25-34,87,طبيعية,1
30939,وسائل التواصل,18-24,81,أزمة كورونا,1
184997,راديو,55+,83,طبيعية,1
179013,راديو,25-34,56,طبيعية,1
157906,وسائل التواصل,45-54,17,أزمة اقتصادية,0
23047,وسائل التواصل,25-34,34,أزمة اقتصادية,1
31105,راديو,18-24,76,أزمة اقتصادية,0
80766,وسائل التواصل,25-34,47,طبيعية,0
151779,إعلانات رقمية,18-24,22,أزمة كورونا,1
158048,راديو,25-34,74,طبيعية,1
49262,إعلانات رقمية,45-54,54,أزمة اقتصادية,1
130117,وسائل التواصل,25-34,62,طبيعية,1
28776,إعلانات رقمية,35-44,70,أزمة اقتصادية,0
166152,إعلانات رقمية,18-24,65,أزمة اقتصادية,1
133376,إعلانات رقمية,18-24,68,أزمة كورونا,1
197445,تلفزيون,18-24,82,طبيعية,1
142848,إعلانات رقمية,35-44,17,طبيعية,0
97787,إعلانات رقمية,18-24,24,أزمة اقتصادية,0
132948,إعلانات رقمية,25-34,25,طبيعية,0
60016,وسائل التواصل,35-44,61,أزمة اقتصادية,0
145546,بريد إلكتروني,25-34,88,طبيعية,1
194125,وسائل التواصل,18-24,32,طبيعية,0
26959,وسائل التواصل,25-34,12,أزمة اقتصادية,1
141602,راديو,45-54,10,أزمة كورونا,0
124101,وسائل التواصل,35-44,35,طبيعية,1
8748,إعلانات رقمية,25-34,65,طبيعية,1
18545,إعلانات رقمية,18-24,23,طبيعية,0
132659,إعلانات رقمية,55+,49,أزمة كورونا,0
170838,إعلانات رقمية,35-44,86,طبيعية,1
78530,وسائل التواصل,25-34,72,أزمة اقتصادية,0
98557,تلفزيون,45-54,40,أزمة اقتصادية,1
66087,إعلانات رقمية,25-34,14,طبيعية,1
73840,وسائل التواصل,25-34,19,أزمة كورونا,1
123451,وسائل التواصل,35-44,14,طبيعية,1
190456,إعلانات رقمية,25-34,71,طبيعية,0
56005,تلفزيون,55+,49,أزمة اقتصادية,0
182648,وسائل التواصل,35-44,45,طبيعية,0
44353,إعلانات رقمية,35-44,87,طبيعية,1
198075,تلفزيون,18-24,65,طبيعية,0
57733,وسائل التواصل,18-24,90,طبيعية,1
70318,وسائل التواصل,25-34,50,طبيعية,0
159736,وسائل التواصل,35-44,15,أزمة كورونا,1
72172,وسائل التواصل,25-34,43,أزمة كورونا,1
98264,تلفزيون,25-34,80,أزمة كورونا,0
31736,إعلانات رقمية,35-44,42,طبيعية,1
117859,إعلانات رقمية,18-24,34,طبيعية,1
117181,إعلانات رقمية,35-44,48,طبيعية,1
136926,تلفزيون,18-24,49,طبيعية,1
95084,إعلانات رقمية,55+,48,طبيعية,1
174695,راديو,25-34,72,طبيعية,1
12392,وسائل التواصل,18-24,61,طبيعية,1
60680,تلفزيون,25-34,78,طبيعية,1
182789,بريد إلكتروني,25-34,54,أزمة اقتصادية,0
55859,تلفزيون,35-44,28,أزمة اقتصادية,1
130657,راديو,35-44,33,أزمة كورونا,0
162381,وسائل التواصل,35-44,73,أزمة اقتصادية,0
199806,وسائل التواصل,18-24,19,أزمة كورونا,1
75467,إعلانات رقمية,18-24,51,طبيعية,0
188734,إعلانات رقمية,18-24,16,طبيعية,0
103506,وسائل التواصل,35-44,15,أزمة كورونا,0
114751,وسائل التواصل,45-54,60,أزمة كورونا,1
123906,إعلانات رقمية,25-34,33,أزمة كورونا,1
148760,وسائل التواصل,18-24,40,أزمة كورونا,1
30342,راديو,35-44,7,طبيعية,0
173229,وسائل التواصل,45-54,38,أزمة كورونا,1
111308,تلفزيون,35-44,77,أزمة اقتصادية,1
188155,تلفزيون,45-54,73,طبيعية,0
111081,بريد إلكتروني,25-34,90,أزمة كورونا,0
94045,وسائل التواصل,18-24,26,طبيعية,1
39698,تلفزيون,45-54,41,أزمة كورونا,1
115078,بريد إلكتروني,35-44,84,أزمة كورونا,1
85623,راديو,25-34,23,طبيعية,0
27671,إعلانات رقمية,35-44,24,أزمة كورونا,0
161256,وسائل التواصل,45-54,51,طبيعية,1
98384,إعلانات رقمية,35-44,90,أزمة كورونا,1
178179,إعلانات رقمية,35-44,59,طبيعية,1
91202,وسائل التواصل,25-34,88,أزمة كورونا,1
56663,تلفزيون,25-34,74,طبيعية,1
20708,تلفزيون,25-34,71,أزمة كورونا,0
96906,إعلانات رقمية,45-54,7,طبيعية,0
54811,راديو,45-54,64,أزمة اقتصادية,0
138883,وسائل التواصل,45-54,32,أزمة اقتصادية,0
61250,تلفزيون,18-24,26,أزمة اقتصادية,0
117547,راديو,35-44,16,أزمة كورونا,1
129249,وسائل التواصل,35-44,65,أزمة كورونا,0
39754,إعلانات رقمية,35-44,81,طبيعية,0
147483,تلفزيون,35-44,47,طبيعية,1
138983,إعلانات رقمية,45-54,11,طبيعية,1
144752,إعلانات رقمية,25-34,71,أزمة كورونا,1
89896,تلفزيون,25-34,23,أزمة اقتصادية,0
76295,إعلانات رقمية,18-24,28,طبيعية,1
105689,تلفزيون,25-34,47,أزمة اقتصادية,1
16111,إعلانات رقمية,35-44,74,أزمة كورونا,1
42504,راديو,35-44,75,أزمة كورونا,1
137874,إعلانات رقمية,25-34,17,طبيعية,0
13155,بريد إلكتروني,18-24,62,طبيعية,1
44384,تلفزيون,35-44,57,طبيعية,0
117561,إعلانات رقمية,18-24,27,أزمة كورونا,1
52254,وسائل التواصل,18-24,82,طبيعية,0
26918,بريد إلكتروني,18-24,32,طبيعية,1
90981,وسائل التواصل,18-24,25,أزمة اقتصادية,0
196785,إعلانات رقمية,18-24,66,أزمة اقتصادية,1
35306,وسائل التواصل,25-34,77,أزمة اقتصادية,0
152718,وسائل التواصل,25-34,53,طبيعية,0
51843,تلفزيون,45-54,77,طبيعية,1
125975,وسائل التواصل,25-34,32,أزمة كورونا,1
101601,وسائل التواصل,35-44,46,طبيعية,1
112512,إعلانات رقمية,18-24,11,طبيعية,1
152443,وسائل التواصل,25-34,27,طبيعية,1
116472,وسائل التواصل,35-44,84,طبيعية,1
138121,إعلانات رقمية,18-24,10,طبيعية,1
167688,راديو,25-34,29,طبيعية,1
108727,وسائل التواصل,35-44,90,طبيعية,1
117893,وسائل التواصل,35-44,21,طبيعية,1
25932,تلفزيون,18-24,14,أزمة كورونا,1
122796,وسائل التواصل,25-34,47,طبيعية,1
34855,تلفزيون,35-44,25,أزمة كورونا,0
197506,وسائل التواصل,18-24,52,طبيعية,1
179088,إعلانات رقمية,35-44,34,طبيعية,0
12400,وسائل التواصل,35-44,74,أزمة كورونا,1
122858,وسائل التواصل,55+,21,طبيعية,1
178714,تلفزيون,25-34,43,طبيعية,1
20151,إعلانات رقمية,45-54,7,طبيعية,0
187479,إعلانات رقمية,25-34,73,أزمة اقتصادية,0
71690,إعلانات رقمية,25-34,30,طبيعية,0
9499,إعلانات رقمية,18-24,33,طبيعية,0
11295,تلفزيون,35-44,46,أزمة كورونا,1
125885,إعلانات رقمية,25-34,69,طبيعية,1
131071,وسائل التواصل,25-34,67,طبيعية,1
64040,وسائل التواصل,18-24,42,طبيعية,0
17183,وسائل التواصل,45-54,30,أزمة كورونا,0
165371,تلفزيون,35-44,30,طبيعية,0
148946,وسائل التواصل,35-44,10,طبيعية,1
121336,تلفزيون,25-34,73,طبيعية,0
37711,وسائل التواصل,18-24,40,أزمة اقتصادية,1
10539,إعلانات رقمية,35-44,63,طبيعية,1
189423,بريد إلكتروني,25-34,55,أزمة اقتصادية,1
197339,إعلانات رقمية,18-24,59,طبيعية,1
184426,إعلانات رقمية,35-44,29,أزمة اقتصادية,1
131063,تلفزيون,55+,75,أزمة اقتصادية,0
138629,إعلانات رقمية,35-44,59,طبيعية,1
43360,تلفزيون,35-44,68,طبيعية,0
138272,وسائل التواصل,55+,47,طبيعية,1
183047,راديو,25-34,63,طبيعية,1
26357,تلفزيون,35-44,66,أزمة كورونا,0
124121,وسائل التواصل,55+,60,طبيعية,0
82505,راديو,18-24,76,طبيعية,0
7869,إعلانات رقمية,35-44,63,طبيعية,0
197207,بريد إلكتروني,35-44,16,أزمة اقتصادية,0
55108,إعلانات رقمية,35-44,46,طبيعية,1
117296,وسائل التواصل,35-44,13,طبيعية,0
99179,إعلانات رقمية,45-54,44,طبيعية,1
95272,وسائل التواصل,35-44,67,أزمة اقتصادية,1
43467,إعلانات رقمية,18-24,90,أزمة كورونا,1
28328,تلفزيون,45-54,9,طبيعية,0
96412,تلفزيون,25-34,57,طبيعية,0
140059,بريد إلكتروني,25-34,53,طبيعية,1
63871,إعلانات رقمية,25-34,74,طبيعية,0
158471,وسائل التواصل,25-34,82,أزمة اقتصادية,0
133391,وسائل التواصل,25-34,44,أزمة كورونا,1
182286,إعلانات رقمية,45-54,42,طبيعية,1
91416,إعلانات رقمية,35-44,47,أزمة اقتصادية,0
75271,وسائل التواصل,35-44,75,طبيعية,1
49064,تلفزيون,18-24,19,أزمة كورونا,0
112450,وسائل التواصل,45-54,64,أزمة اقتصادية,1
176890,وسائل التواصل,45-54,56,طبيعية,1
181597,إعلانات رقمية,35-44,36,أزمة كورونا,0
24830,إعلانات رقمية,18-24,68,طبيعية,0
153501,إعلانات رقمية,18-24,31,طبيعية,0
142965,بريد إلكتروني,25-34,33,طبيعية,0
121381,إعلانات رقمية,18-24,57,طبيعية,0
52333,إعلانات رقمية,25-34,84,أزمة كورونا,0
139508,إعلانات رقمية,45-54,63,أزمة اقتصادية,1
81213,تلفزيون,25-34,53,أزمة كورونا,0
141967,بريد إلكتروني,18-24,45,أزمة اقتصادية,1
155810,تلفزيون,25-34,22,أزمة اقتصادية,0
35746,وسائل التواصل,18-24,28,طبيعية,1
54377,وسائل التواصل,18-24,60,طبيعية,1
184476,إعلانات رقمية,25-34,27,طبيعية,1
59045,بريد إلكتروني,25-34,78,أزمة كورونا,0
102888,تلفزيون,35-44,22,أزمة اقتصادية,0
175862,وسائل التواصل,55+,65,طبيعية,1
112455,تلفزيون,25-34,37,أزمة كورونا,0
141672,تلفزيون,25-34,48,أزمة كورونا,1
98179,وسائل التواصل,45-54,80,طبيعية,1
176836,بريد إلكتروني,25-34,38,طبيعية,0
50714,راديو,18-24,65,طبيعية,1
192907,وسائل التواصل,45-54,40,طبيعية,0
107946,وسائل التواصل,18-24,15,طبيعية,1
114616,إعلانات رقمية,35-44,87,طبيعية,1
110983,وسائل التواصل,35-44,17,طبيعية,0
192563,إعلانات رقمية,25-34,16,طبيعية,1
129123,وسائل التواصل,25-34,23,أزمة اقتصادية,0
154661,بريد إلكتروني,35-44,74,طبيعية,0
48484,وسائل التواصل,18-24,54,أزمة كورونا,1
87989,وسائل التواصل,25-34,58,طبيعية,1
41212,إعلانات رقمية,35-44,31,طبيعية,1
48525,إعلانات رقمية,25-34,27,أزمة اقتصادية,1
183274,تلفزيون,18-24,71,طبيعية,1
168707,إعلانات رقمية,45-54,69,طبيعية,1
68208,إعلانات رقمية,25-34,57,أزمة كورونا,1
38828,وسائل التواصل,45-54,42,طبيعية,1
154783,تلفزيون,35-44,87,طبيعية,0
8420,تلفزيون,35-44,72,طبيعية,0
101752,إعلانات رقمية,25-34,21,طبيعية,0
136373,وسائل التواصل,55+,45,طبيعية,1
181308,وسائل التواصل,18-24,76,طبيعية,0
120294,وسائل التواصل,35-44,7,أزمة اقتصادية,1
190312,وسائل التواصل,18-24,29,أزمة كورونا,0
129019,إعلانات رقمية,25-34,45,أزمة كورونا,0
70726,وسائل التواصل,25-34,63,أزمة كورونا,1
146564,وسائل التواصل,45-54,87,أزمة اقتصادية,0
120668,راديو,55+,40,طبيعية,0
11102,وسائل التواصل,18-24,47,أزمة اقتصادية,0
186408,وسائل التواصل,18-24,79,أزمة كورونا,0
123015,وسائل التواصل,35-44,19,أزمة كورونا,1
31641,وسائل التواصل,25-34,76,طبيعية,1
170656,تلفزيون,18-24,12,طبيعية,1
168817,وسائل التواصل,35-44,90,طبيعية,0
159165,وسائل التواصل,25-34,58,أزمة كورونا,1
108746,تلفزيون,55+,9,طبيعية,0
187957,وسائل التواصل,25-34,87,أزمة كورونا,1
41631,وسائل التواصل,25-34,69,طبيعية,1
77991,راديو,25-34,55,طبيعية,1
9014,وسائل التواصل,35-44,82,طبيعية,0
16093,وسائل التواصل,25-34,53,طبيعية,1
23070,بريد إلكتروني,35-44,61,طبيعية,1
40777,إعلانات رقمية,25-34,70,طبيعية,1
61958,إعلانات رقمية,45-54,71,أزمة اقتصادية,1
87074,إعلانات رقمية,25-34,87,طبيعية,1
15729,راديو,18-24,73,طبيعية,0
181089,إعلانات رقمية,35-44,21,أزمة كورونا,1
163823,إعلانات رقمية,25-34,38,أزمة اقتصادية,1
110864,إعلانات رقمية,18-24,74,أزمة كورونا,0
135858,إعلانات رقمية,45-54,24,طبيعية,0
110510,إعلانات رقمية,25-34,89,أزمة اقتصادية,1
59748,وسائل التواصل,35-44,49,أزمة كورونا,1
10801,وسائل التواصل,25-34,41,طبيعية,0
155262,إعلانات رقمية,35-44,84,طبيعية,0
185761,إعلانات رقمية,18-24,64,طبيعية,0
187065,إعلانات رقمية,25-34,39,طبيعية,1
34592,إعلانات رقمية,55+,20,أزمة اقتصادية,0
15647,وسائل التواصل,35-44,40,طبيعية,0
144788,تلفزيون,25-34,67,أزمة اقتصادية,1
115627,إعلانات رقمية,25-34,10,طبيعية,1
75316,وسائل التواصل,45-54,65,طبيعية,0
7368,إعلانات رقمية,25-34,35,طبيعية,0
82575,راديو,35-44,89,طبيعية,1
11655,تلفزيون,35-44,12,أزمة كورونا,0
75031,وسائل التواصل,18-24,55,أزمة كورونا,1
92922,إعلانات رقمية,18-24,46,طبيعية,1
191838,راديو,35-44,89,طبيعية,0
129046,إعلانات رقمية,18-24,71,طبيعية,1
149475,إعلانات رقمية,25-34,75,أزمة كورونا,1
37097,إعلانات رقمية,45-54,33,طبيعية,0
147038,إعلانات رقمية,35-44,86,طبيعية,1
129862,بريد إلكتروني,35-44,12,أزمة كورونا,1
123834,تلفزيون,35-44,19,أزمة اقتصادية,0
98848,إعلانات رقمية,35-44,70,طبيعية,0
57921,وسائل التواصل,18-24,68,طبيعية,0
185798,بريد إلكتروني,25-34,25,أزمة كورونا,0
131141,راديو,25-34,82,أزمة كورونا,1
186372,وسائل التواصل,25-34,86,طبيعية,1
27677,راديو,35-44,49,أزمة اقتصادية,0
60609,بريد إلكتروني,25-34,80,أزمة اقتصادية,0
192733,تلفزيون,25-34,26,طبيعية,1
36024,إعلانات رقمية,25-34,74,طبيعية,1
75313,وسائل التواصل,18-24,50,طبيعية,1
132813,تلفزيون,25-34,29,أزمة كورونا,1
189078,إعلانات رقمية,18-24,8,طبيعية,0
100285,تلفزيون,18-24,28,أزمة كورونا,0
151410,إعلانات رقمية,18-24,63,أزمة كورونا,1
118632,إعلانات رقمية,25-34,78,طبيعية,1
155580,إعلانات رقمية,35-44,13,أزمة كورونا,1
8051,إعلانات رقمية,25-34,84,أزمة اقتصادية,0
184819,بريد إلكتروني,25-34,62,طبيعية,0
119692,تلفزيون,35-44,73,طبيعية,0
92235,تلفزيون,18-24,22,طبيعية,0
190093,وسائل التواصل,45-54,89,أزمة اقتصادية,0
194407,إعلانات رقمية,25-34,57,أزمة اقتصادية,1
192251,وسائل التواصل,25-34,88,طبيعية,1
168165,وسائل التواصل,35-44,86,أزمة كورونا,0
175806,وسائل التواصل,18-24,78,طبيعية,1
78523,إعلانات رقمية,35-44,18,طبيعية,0
99476,وسائل التواصل,25-34,59,طبيعية,0
22019,وسائل التواصل,45-54,81,طبيعية,1
88613,بريد إلكتروني,18-24,11,طبيعية,1
91672,راديو,25-34,33,طبيعية,1
78847,وسائل التواصل,35-44,18,طبيعية,0
87750,وسائل التواصل,18-24,23,أزمة اقتصادية,0
33251,تلفزيون,25-34,12,طبيعية,0
108481,إعلانات رقمية,35-44,11,طبيعية,0
117566,راديو,45-54,63,طبيعية,1
30945,راديو,25-34,34,أزمة كورونا,0
95852,وسائل التواصل,35-44,84,طبيعية,0
37217,إعلانات رقمية,55+,75,طبيعية,0
13308,إعلانات رقمية,45-54,65,أزمة اقتصادية,1
10949,وسائل التواصل,18-24,39,طبيعية,1
188062,إعلانات رقمية,35-44,68,طبيعية,1
137222,راديو,25-34,56,أزمة اقتصادية,1
105235,إعلانات رقمية,55+,25,طبيعية,1
79740,إعلانات رقمية,25-34,75,طبيعية,1
121352,راديو,18-24,72,طبيعية,1
71617,تلفزيون,35-44,53,طبيعية,1
21896,إعلانات رقمية,25-34,45,طبيعية,1
135798,إعلانات رقمية,55+,74,طبيعية,1
182247,إعلانات رقمية,55+,39,طبيعية,0
143877,وسائل التواصل,35-44,19,طبيعية,0
10237,إعلانات رقمية,18-24,90,أزمة كورونا,1
25056,وسائل التواصل,35-44,60,طبيعية,1
181615,بريد إلكتروني,18-24,13,طبيعية,1
192628,إعلانات رقمية,18-24,85,أزمة اقتصادية,1
119548,راديو,45-54,20,أزمة كورونا,1
116488,بريد إلكتروني,25-34,25,طبيعية,1
139415,إعلانات رقمية,25-34,60,أزمة اقتصادية,1
149572,راديو,55+,26,طبيعية,0
189294,وسائل التواصل,25-34,35,طبيعية,1
34375,راديو,25-34,30,أزمة كورونا,1
145734,وسائل التواصل,45-54,88,طبيعية,0
21964,وسائل التواصل,18-24,69,طبيعية,1
118429,وسائل التواصل,35-44,80,طبيعية,1
195710,راديو,55+,63,طبيعية,1
72215,تلفزيون,45-54,14,طبيعية,0
74042,وسائل التواصل,35-44,68,أزمة اقتصادية,0
149356,راديو,25-34,35,طبيعية,1
98468,إعلانات رقمية,25-34,80,أزمة اقتصادية,1
197461,إعلانات رقمية,45-54,23,طبيعية,1
14435,إعلانات رقمية,45-54,72,أزمة اقتصادية,1
190412,إعلانات رقمية,25-34,12,أزمة كورونا,0
180150,إعلانات رقمية,25-34,64,أزمة كورونا,0
83832,راديو,18-24,75,طبيعية,1
56293,إعلانات رقمية,18-24,34,طبيعية,1
83781,وسائل التواصل,35-44,68,طبيعية,1
196475,إعلانات رقمية,25-34,47,أزمة اقتصادية,0
165196,راديو,45-54,75,أزمة اقتصادية,1
48919,بريد إلكتروني,35-44,88,طبيعية,1
171319,وسائل التواصل,18-24,90,طبيعية,1
126172,راديو,35-44,47,طبيعية,1
99758,إعلانات رقمية,25-34,55,أزمة كورونا,0
198824,تلفزيون,35-44,55,طبيعية,1
61573,إعلانات رقمية,35-44,82,أزمة كورونا,1
64101,راديو,45-54,77,أزمة اقتصادية,0
31646,إعلانات رقمية,45-54,9,طبيعية,1
109185,وسائل التواصل,25-34,16,طبيعية,0
28049,تلفزيون,18-24,41,طبيعية,1
103116,إعلانات رقمية,35-44,86,طبيعية,1
102379,إعلانات رقمية,18-24,8,طبيعية,1
73385,إعلانات رقمية,25-34,30,طبيعية,1
131131,إعلانات رقمية,18-24,80,أزمة اقتصادية,1
176230,وسائل التواصل,35-44,44,طبيعية,0
28289,إعلانات رقمية,18-24,28,طبيعية,1
115226,إعلانات رقمية,35-44,32,أزمة اقتصادية,0
105793,إعلانات رقمية,55+,49,أزمة كورونا,1
14823,تلفزيون,18-24,61,طبيعية,1
196232,إعلانات رقمية,18-24,45,طبيعية,1
46975,إعلانات رقمية,25-34,35,طبيعية,1
14540,إعلانات رقمية,45-54,26,أزمة كورونا,0
21364,وسائل التواصل,25-34,47,أزمة كورونا,0
140683,تلفزيون,25-34,60,أزمة كورونا,0
32663,إعلانات رقمية,18-24,26,طبيعية,0
56991,إعلانات رقمية,35-44,25,أزمة اقتصادية,0
193751,تلفزيون,25-34,90,طبيعية,1
109182,تلفزيون,35-44,72,طبيعية,1
167049,إعلانات رقمية,45-54,36,طبيعية,1
99704,تلفزيون,25-34,59,طبيعية,1
54115,راديو,45-54,40,طبيعية,0
96007,إعلانات رقمية,18-24,28,أزمة اقتصادية,1
196962,تلفزيون,45-54,73,أزمة اقتصادية,1
154143,تلفزيون,35-44,12,طبيعية,1
195347,وسائل التواصل,45-54,85,طبيعية,1
16938,إعلانات رقمية,18-24,33,طبيعية,1
171267,إعلانات رقمية,18-24,16,طبيعية,1
96680,راديو,25-34,79,طبيعية,0
9000,بريد إلكتروني,25-34,54,أزمة اقتصادية,0
106042,وسائل التواصل,25-34,76,طبيعية,1
98610,وسائل التواصل,25-34,65,طبيعية,1
108691,وسائل التواصل,18-24,65,طبيعية,1
43304,وسائل التواصل,25-34,8,أزمة اقتصادية,0
74449,إعلانات رقمية,45-54,35,أزمة كورونا,1
87986,إعلانات رقمية,25-34,74,أزمة اقتصادية,1
156836,تلفزيون,18-24,71,أزمة كورونا,1
113940,إعلانات رقمية,25-34,89,طبيعية,1
43494,تلفزيون,18-24,32,طبيعية,0
8373,إعلانات رقمية,55+,16,أزمة كورونا,1
148233,إعلانات رقمية,18-24,59,طبيعية,1
102532,إعلانات رقمية,35-44,85,طبيعية,0
97658,وسائل التواصل,55+,65,طبيعية,1
128633,راديو,45-54,28,طبيعية,0
105386,إعلانات رقمية,35-44,57,طبيعية,1
32350,راديو,45-54,54,طبيعية,0
98008,وسائل التواصل,55+,27,أزمة كورونا,0
99297,تلفزيون,35-44,28,طبيعية,0
30351,إعلانات رقمية,35-44,36,طبيعية,1
93668,تلفزيون,35-44,31,طبيعية,1
119585,تلفزيون,25-34,34,طبيعية,1
151377,إعلانات رقمية,35-44,71,طبيعية,1
80353,إعلانات رقمية,25-34,51,طبيعية,1
70953,راديو,25-34,74,طبيعية,1
62458,بريد إلكتروني,18-24,13,طبيعية,1
25358,إعلانات رقمية,18-24,55,طبيعية,1
8267,تلفزيون,25-34,15,طبيعية,0
87745,راديو,18-24,42,طبيعية,0
94588,راديو,35-44,89,طبيعية,0
43513,بريد إلكتروني,25-34,7,طبيعية,1
162164,تلفزيون,45-54,16,أزمة كورونا,0
16338,وسائل التواصل,18-24,42,طبيعية,0
136484,إعلانات رقمية,25-34,79,طبيعية,1
12543,إعلانات رقمية,35-44,52,طبيعية,1
110891,تلفزيون,35-44,38,أزمة كورونا,0
169568,تلفزيون,18-24,38,أزمة اقتصادية,0
65692,إعلانات رقمية,45-54,12,أزمة كورونا,1
49425,راديو,45-54,54,أزمة كورونا,1
43756,تلفزيون,25-34,44,طبيعية,1
23888,وسائل التواصل,25-34,23,أزمة كورونا,0
171807,وسائل التواصل,55+,80,طبيعية,1
52295,وسائل التواصل,35-44,33,طبيعية,1
119352,إعلانات رقمية,25-34,60,طبيعية,1
88042,إعلانات رقمية,45-54,56,طبيعية,1
90999,إعلانات رقمية,25-34,41,أزمة اقتصادية,0
22955,إعلانات رقمية,25-34,31,طبيعية,1
42841,وسائل التواصل,25-34,34,أزمة كورونا,0
75640,وسائل التواصل,35-44,21,طبيعية,1
170983,إعلانات رقمية,35-44,10,طبيعية,1
195103,تلفزيون,35-44,79,طبيعية,0
143429,إعلانات رقمية,25-34,33,طبيعية,1
168551,راديو,25-34,32,أزمة اقتصادية,0
66476,بريد إلكتروني,25-34,25,طبيعية,0
49811,إعلانات رقمية,35-44,23,طبيعية,0
172280,وسائل التواصل,25-34,49,أزمة اقتصادية,1
156222,إعلانات رقمية,18-24,47,طبيعية,1
76180,وسائل التواصل,45-54,48,أزمة اقتصادية,1
179358,وسائل التواصل,18-24,56,طبيعية,1
117856,إعلانات رقمية,55+,90,طبيعية,1
73450,وسائل التواصل,18-24,46,طبيعية,0
157424,إعلانات رقمية,35-44,45,طبيعية,0
191141,إعلانات رقمية,18-24,29,طبيعية,0
116888,وسائل التواصل,45-54,58,أزمة كورونا,0
115448,إعلانات رقمية,25-34,53,أزمة اقتصادية,1
19397,وسائل التواصل,18-24,69,أزمة كورونا,1
177627,وسائل التواصل,25-34,75,طبيعية,1
183031,بريد إلكتروني,18-24,49,طبيعية,1
136800,إعلانات رقمية,18-24,54,طبيعية,1
186589,وسائل التواصل,45-54,40,طبيعية,1
124180,وسائل التواصل,25-34,46,أزمة كورونا,0
71234,إعلانات رقمية,35-44,81,طبيعية,1
44954,بريد إلكتروني,35-44,67,طبيعية,0
183352,تلفزيون,35-44,56,طبيعية,0
84459,وسائل التواصل,18-24,73,أزمة اقتصادية,1
152851,تلفزيون,25-34,68,طبيعية,1
160538,بريد إلكتروني,35-44,64,طبيعية,1
173011,راديو,55+,39,طبيعية,0
171342,تلفزيون,25-34,81,طبيعية,0
64163,تلفزيون,25-34,22,طبيعية,0
56934,إعلانات رقمية,25-34,88,طبيعية,1
168379,إعلانات رقمية,55+,54,أزمة كورونا,1
59098,وسائل التواصل,25-34,16,طبيعية,1
196993,إعلانات رقمية,25-34,88,أزمة كورونا,0
10486,وسائل التواصل,45-54,44,أزمة اقتصادية,1
144407,إعلانات رقمية,18-24,25,أزمة كورونا,1
91900,إعلانات رقمية,18-24,42,طبيعية,1
131020,تلفزيون,35-44,65,طبيعية,1
107795,راديو,45-54,69,أزمة كورونا,1
147202,إعلانات رقمية,25-34,83,أزمة كورونا,1
92508,وسائل التواصل,25-34,52,طبيعية,1
123324,راديو,25-34,9,أزمة كورونا,1
65566,إعلانات رقمية,25-34,80,طبيعية,0
32192,تلفزيون,35-44,71,طبيعية,0
6062,إعلانات رقمية,25-34,14,طبيعية,1
89076,إعلانات رقمية,25-34,57,طبيعية,0
94780,بريد إلكتروني,25-34,87,طبيعية,1
157617,إعلانات رقمية,35-44,79,أزمة كورونا,1
26689,وسائل التواصل,25-34,12,طبيعية,0
16174,تلفزيون,45-54,45,طبيعية,0
93461,إعلانات رقمية,18-24,66,طبيعية,0
131174,وسائل التواصل,45-54,34,طبيعية,1
108033,بريد إلكتروني,45-54,60,طبيعية,1
14348,إعلانات رقمية,25-34,43,أزمة كورونا,0
159786,راديو,25-34,15,أزمة كورونا,1
43102,وسائل التواصل,25-34,88,أزمة كورونا,1
79460,وسائل التواصل,25-34,62,أزمة كورونا,0
107634,وسائل التواصل,25-34,65,طبيعية,0
94930,إعلانات رقمية,18-24,8,طبيعية,0
11801,راديو,25-34,67,طبيعية,1
108150,راديو,45-54,64,طبيعية,0
184208,وسائل التواصل,25-34,66,أزمة اقتصادية,1
159697,تلفزيون,45-54,46,طبيعية,1
180333,وسائل التواصل,25-34,42,طبيعية,1
6542,وسائل التواصل,45-54,43,أزمة اقتصادية,1
26677,وسائل التواصل,35-44,85,أزمة اقتصادية,1
182804,وسائل التواصل,18-24,24,أزمة كورونا,0
186415,وسائل التواصل,35-44,69,طبيعية,1
44081,تلفزيون,18-24,28,طبيعية,1
198928,وسائل التواصل,25-34,17,طبيعية,1
98105,إعلانات رقمية,45-54,64,طبيعية,1
24065,إعلانات رقمية,18-24,63,طبيعية,1
93092,وسائل التواصل,25-34,83,طبيعية,0
59693,تلفزيون,35-44,10,أزمة اقتصادية,0
31962,وسائل التواصل,45-54,13,طبيعية,1
33295,وسائل التواصل,35-44,67,أزمة كورونا,0
18807,وسائل التواصل,25-34,60,أزمة كورونا,1
178420,وسائل التواصل,35-44,74,طبيعية,1
162504,إعلانات رقمية,25-34,85,أزمة كورونا,0
193926,وسائل التواصل,35-44,7,طبيعية,1
176334,تلفزيون,55+,61,طبيعية,0
173152,راديو,35-44,9,أزمة كورونا,1
137396,وسائل التواصل,45-54,84,طبيعية,0
96267,إعلانات رقمية,18-24,44,أزمة اقتصادية,1
171981,إعلانات رقمية,35-44,7,طبيعية,1
24870,إعلانات رقمية,45-54,44,طبيعية,1
170650,وسائل التواصل,18-24,35,طبيعية,0
31790,إعلانات رقمية,45-54,11,طبيعية,1
123874,وسائل التواصل,25-34,80,طبيعية,0
30289,وسائل التواصل,35-44,27,أزمة كورونا,1
191201,إعلانات رقمية,45-54,77,أزمة اقتصادية,1
20485,وسائل التواصل,35-44,73,أزمة اقتصادية,1
49482,إعلانات رقمية,18-24,53,طبيعية,0
91188,وسائل التواصل,35-44,90,أزمة كورونا,0
9748,إعلانات رقمية,25-34,89,أزمة كورونا,1
145507,تلفزيون,45-54,41,أزمة كورونا,0
8709,إعلانات رقمية,25-34,74,طبيعية,1
128961,بريد إلكتروني,25-34,75,أزمة كورونا,0
35355,وسائل التواصل,35-44,7,أزمة اقتصادية,0
191843,تلفزيون,25-34,74,طبيعية,1
193871,وسائل التواصل,35-44,18,أزمة اقتصادية,1
149188,تلفزيون,35-44,66,طبيعية,0
161542,تلفزيون,45-54,33,طبيعية,0
178416,وسائل التواصل,35-44,62,طبيعية,1
47918,وسائل التواصل,25-34,29,طبيعية,1
57224,وسائل التواصل,18-24,31,طبيعية,1
44298,وسائل التواصل,18-24,27,أزمة اقتصادية,0
85219,إعلانات رقمية,18-24,67,طبيعية,0
66629,إعلانات رقمية,18-24,69,أزمة اقتصادية,0
71040,وسائل التواصل,35-44,58,أزمة اقتصادية,1
33016,وسائل التواصل,35-44,31,طبيعية,1
28960,تلفزيون,25-34,61,أزمة اقتصادية,1
38591,وسائل التواصل,45-54,52,أزمة اقتصادية,1
108333,بريد إلكتروني,55+,38,أزمة كورونا,1
119821,إعلانات رقمية,45-54,61,أزمة كورونا,1
41395,إعلانات رقمية,35-44,11,أزمة اقتصادية,1
134695,إعلانات رقمية,25-34,42,أزمة كورونا,1
158772,وسائل التواصل,25-34,55,طبيعية,1
39620,تلفزيون,18-24,64,أزمة اقتصادية,1
133148,إعلانات رقمية,25-34,45,أزمة كورونا,1
25559,تلفزيون,45-54,86,طبيعية,1
98396,وسائل التواصل,45-54,67,طبيعية,1
197714,وسائل التواصل,25-34,15,أزمة كورونا,1
26732,وسائل التواصل,25-34,12,طبيعية,1
96362,إعلانات رقمية,45-54,41,أزمة اقتصادية,0
166426,وسائل التواصل,18-24,45,طبيعية,0
18843,وسائل التواصل,25-34,28,طبيعية,0
119065,إعلانات رقمية,45-54,47,طبيعية,1
76726,وسائل التواصل,25-34,11,طبيعية,0
22640,إعلانات رقمية,18-24,48,أزمة كورونا,0
57528,وسائل التواصل,25-34,87,أزمة اقتصادية,1
43413,وسائل التواصل,45-54,82,أزمة اقتصادية,1
57638,وسائل التواصل,35-44,86,طبيعية,0
188808,وسائل التواصل,25-34,73,طبيعية,1
115133,إعلانات رقمية,25-34,36,أزمة اقتصادية,1
111357,وسائل التواصل,25-34,63,أزمة اقتصادية,0
155159,إعلانات رقمية,35-44,79,طبيعية,0
177502,إعلانات رقمية,35-44,35,طبيعية,1
160576,راديو,18-24,43,طبيعية,1
143186,إعلانات رقمية,45-54,19,أزمة اقتصادية,1
83859,وسائل التواصل,18-24,38,أزمة كورونا,0
104657,وسائل التواصل,25-34,52,طبيعية,1
147047,إعلانات رقمية,18-24,29,طبيعية,1
16023,إعلانات رقمية,25-34,51,أزمة اقتصادية,0
26447,إعلانات رقمية,25-34,23,طبيعية,1
130899,راديو,25-34,72,طبيعية,0
28959,وسائل التواصل,18-24,12,طبيعية,1
71203,إعلانات رقمية,35-44,24,طبيعية,1
124156,وسائل التواصل,18-24,28,طبيعية,1
165775,وسائل التواصل,35-44,39,أزمة اقتصادية,1
14337,إعلانات رقمية,45-54,36,أزمة اقتصادية,1
51427,وسائل التواصل,25-34,87,أزمة اقتصادية,1
66529,وسائل التواصل,25-34,38,أزمة اقتصادية,0
107023,راديو,25-34,48,طبيعية,0
89665,إعلانات رقمية,18-24,84,أزمة اقتصادية,0
110787,إعلانات رقمية,25-34,16,طبيعية,1
167993,إعلانات رقمية,35-44,42,أزمة كورونا,1
38307,وسائل التواصل,35-44,40,أزمة اقتصادية,1
163427,إعلانات رقمية,18-24,79,طبيعية,0
132016,وسائل التواصل,45-54,34,طبيعية,1
9835,تلفزيون,25-34,17,طبيعية,0
25159,تلفزيون,45-54,84,طبيعية,1
183677,وسائل التواصل,35-44,45,طبيعية,0
126790,راديو,35-44,53,أزمة اقتصادية,0
110616,وسائل التواصل,18-24,25,أزمة اقتصادية,0
174160,وسائل التواصل,18-24,21,طبيعية,1
83752,إعلانات رقمية,55+,34,طبيعية,1
60284,بريد إلكتروني,25-34,30,طبيعية,1
62043,إعلانات رقمية,55+,78,أزمة اقتصادية,1
171619,إعلانات رقمية,25-34,15,طبيعية,1
102007,إعلانات رقمية,18-24,53,طبيعية,1
87844,وسائل التواصل,18-24,39,طبيعية,1
32532,إعلانات رقمية,25-34,68,طبيعية,1
170421,إعلانات رقمية,45-54,25,طبيعية,1
127402,إعلانات رقمية,25-34,73,أزمة اقتصادية,1
123012,إعلانات رقمية,25-34,80,طبيعية,0
181517,وسائل التواصل,25-34,46,أزمة كورونا,1
141785,وسائل التواصل,18-24,53,طبيعية,1
61178,إعلانات رقمية,25-34,71,أزمة كورونا,1
54407,وسائل التواصل,18-24,35,أزمة كورونا,0
55990,وسائل التواصل,45-54,56,طبيعية,1
134473,إعلانات رقمية,25-34,19,طبيعية,1
63141,إعلانات رقمية,25-34,7,طبيعية,0
159865,بريد إلكتروني,25-34,40,أزمة اقتصادية,1
61570,وسائل التواصل,25-34,54,طبيعية,0
173964,إعلانات رقمية,55+,83,أزمة اقتصادية,0
6015,وسائل التواصل,25-34,54,طبيعية,0
66813,إعلانات رقمية,18-24,55,أزمة كورونا,1
32712,وسائل التواصل,35-44,70,أزمة كورونا,1
105497,إعلانات رقمية,18-24,67,أزمة كورونا,1
144487,إعلانات رقمية,18-24,35,طبيعية,1
117816,إعلانات رقمية,55+,45,طبيعية,1
133778,راديو,35-44,32,أزمة كورونا,1
67292,تلفزيون,55+,23,طبيعية,0
28833,إعلانات رقمية,25-34,77,طبيعية,0
140230,إعلانات رقمية,25-34,19,طبيعية,1
198752,تلفزيون,18-24,75,طبيعية,1
25309,إعلانات رقمية,25-34,32,طبيعية,1
11970,إعلانات رقمية,45-54,55,طبيعية,1
77474,بريد إلكتروني,25-34,73,طبيعية,0
51540,إعلانات رقمية,45-54,13,أزمة كورونا,0
156456,وسائل التواصل,35-44,64,أزمة كورونا,0
23017,بريد إلكتروني,18-24,55,أزمة اقتصادية,0
80880,إعلانات رقمية,25-34,59,أزمة اقتصادية,0
110570,إعلانات رقمية,35-44,71,طبيعية,1
13702,إعلانات رقمية,25-34,68,طبيعية,1
136456,تلفزيون,45-54,23,طبيعية,1
5404,راديو,25-34,49,طبيعية,1
177015,تلفزيون,18-24,31,أزمة اقتصادية,1
183998,إعلانات رقمية,35-44,9,طبيعية,1
165261,تلفزيون,55+,85,طبيعية,1
17763,راديو,18-24,35,طبيعية,0
154456,وسائل التواصل,45-54,38,طبيعية,1
196172,راديو,25-34,32,أزمة كورونا,1
103142,تلفزيون,35-44,22,طبيعية,1
145932,وسائل التواصل,35-44,31,أزمة اقتصادية,0
85642,وسائل التواصل,25-34,60,طبيعية,1
55612,إعلانات رقمية,25-34,34,طبيعية,0
28574,إعلانات رقمية,35-44,79,أزمة اقتصادية,0
28524,وسائل التواصل,25-34,62,طبيعية,1
15916,إعلانات رقمية,35-44,71,أزمة اقتصادية,0
9809,راديو,18-24,86,أزمة اقتصادية,1
168273,بريد إلكتروني,45-54,47,أزمة كورونا,1
189402,تلفزيون,35-44,57,أزمة كورونا,0
149528,إعلانات رقمية,45-54,77,طبيعية,1
192469,إعلانات رقمية,18-24,84,أزمة اقتصادية,1
126288,إعلانات رقمية,35-44,35,طبيعية,1
43765,وسائل التواصل,35-44,89,أزمة كورونا,1
170888,تلفزيون,25-34,25,أزمة اقتصادية,0
50106,راديو,25-34,72,أزمة اقتصادية,1
58932,وسائل التواصل,18-24,47,أزمة اقتصادية,0
153172,راديو,35-44,51,طبيعية,1
62091,راديو,25-34,21,أزمة اقتصادية,0
26949,إعلانات رقمية,18-24,9,أزمة كورونا,1
42744,راديو,35-44,17,أزمة اقتصادية,0
181615,إعلانات رقمية,25-34,59,أزمة كورونا,0
113319,إعلانات رقمية,18-24,52,طبيعية,1
97193,وسائل التواصل,55+,36,طبيعية,1
41187,إعلانات رقمية,45-54,63,طبيعية,1
143311,وسائل التواصل,25-34,24,أزمة كورونا,0
129454,وسائل التواصل,18-24,57,طبيعية,1
19489,وسائل التواصل,35-44,54,طبيعية,0
194089,إعلانات رقمية,25-34,72,طبيعية,1
66877,وسائل التواصل,25-34,14,أزمة اقتصادية,1
179197,وسائل التواصل,25-34,28,طبيعية,0
54922,وسائل التواصل,25-34,12,طبيعية,0
99074,وسائل التواصل,35-44,82,طبيعية,0
168121,إعلانات رقمية,25-34,63,طبيعية,0
42131,وسائل التواصل,35-44,42,طبيعية,1
179016,إعلانات رقمية,45-54,85,طبيعية,1
120765,وسائل التواصل,25-34,63,طبيعية,1
78963,تلفزيون,35-44,55,أزمة اقتصادية,0
111884,وسائل التواصل,45-54,51,أزمة اقتصادية,0
130917,وسائل التواصل,25-34,88,طبيعية,1
29285,بريد إلكتروني,25-34,72,أزمة اقتصادية,1
42626,تلفزيون,35-44,83,طبيعية,1
178880,راديو,35-44,51,أزمة كورونا,0
189943,تلفزيون,45-54,85,أزمة كورونا,1
24198,إعلانات رقمية,25-34,26,طبيعية,1
155830,إعلانات رقمية,55+,70,طبيعية,1
20254,وسائل التواصل,18-24,73,طبيعية,0
49238,إعلانات رقمية,18-24,89,طبيعية,0
6252,وسائل التواصل,35-44,9,أزمة كورونا,0
44764,إعلانات رقمية,25-34,60,طبيعية,1
82709,وسائل التواصل,25-34,84,طبيعية,1
173513,تلفزيون,25-34,70,طبيعية,0
58682,تلفزيون,25-34,46,طبيعية,0
64494,وسائل التواصل,18-24,65,طبيعية,1
86317,تلفزيون,55+,61,طبيعية,1
70215,وسائل التواصل,25-34,68,أزمة اقتصادية,1
83587,راديو,35-44,10,طبيعية,1
11949,إعلانات رقمية,35-44,66,طبيعية,0
60393,بريد إلكتروني,45-54,81,أزمة كورونا,1
143013,وسائل التواصل,18-24,36,طبيعية,1
30934,إعلانات رقمية,45-54,8,أزمة كورونا,1
159458,إعلانات رقمية,25-34,68,أزمة كورونا,1
197958,وسائل التواصل,35-44,55,طبيعية,1
80745,إعلانات رقمية,35-44,15,طبيعية,1
99456,إعلانات رقمية,45-54,37,طبيعية,1
58413,وسائل التواصل,25-34,67,طبيعية,0
192872,وسائل التواصل,35-44,85,طبيعية,1
102239,وسائل التواصل,25-34,54,طبيعية,1
47318,راديو,35-44,31,طبيعية,0
75390,وسائل التواصل,55+,42,طبيعية,0
188401,وسائل التواصل,25-34,14,أزمة كورونا,0
48088,إعلانات رقمية,55+,79,طبيعية,1
108196,تلفزيون,18-24,64,طبيعية,1
175883,إعلانات رقمية,18-24,51,طبيعية,1
60479,بريد إلكتروني,18-24,68,أزمة اقتصادية,1
24963,تلفزيون,25-34,45,طبيعية,1
60123,وسائل التواصل,35-44,64,أزمة اقتصادية,0
130911,إعلانات رقمية,18-24,87,طبيعية,1
107468,راديو,18-24,89,أزمة كورونا,1
78477,تلفزيون,45-54,70,طبيعية,0
19388,إعلانات رقمية,45-54,50,طبيعية,1
10569,إعلانات رقمية,45-54,35,طبيعية,0
74836,تلفزيون,45-54,65,طبيعية,0
109573,إعلانات رقمية,35-44,77,طبيعية,0
172658,راديو,18-24,15,طبيعية,0
148087,وسائل التواصل,25-34,12,أزمة كورونا,1
50002,إعلانات رقمية,35-44,35,أزمة اقتصادية,0
142326,تلفزيون,25-34,64,طبيعية,0
153216,إعلانات رقمية,35-44,23,طبيعية,0
160286,وسائل التواصل,18-24,22,طبيعية,1
142162,إعلانات رقمية,25-34,9,أزمة كورونا,0
147709,إعلانات رقمية,25-34,27,طبيعية,1
158487,وسائل التواصل,35-44,70,أزمة اقتصادية,0
29071,وسائل التواصل,35-44,42,طبيعية,1
63243,وسائل التواصل,35-44,68,طبيعية,1
130827,تلفزيون,18-24,48,أزمة كورونا,0
113215,وسائل التواصل,18-24,82,أزمة اقتصادية,1
177312,إعلانات رقمية,45-54,48,طبيعية,1
106570,إعلانات رقمية,35-44,67,طبيعية,1
169506,راديو,18-24,19,أزمة اقتصادية,0
74724,تلفزيون,45-54,17,طبيعية,0
120359,وسائل التواصل,25-34,60,أزمة اقتصادية,0
80697,إعلانات رقمية,25-34,22,طبيعية,1
33732,إعلانات رقمية,18-24,14,أزمة كورونا,0
126465,تلفزيون,35-44,65,أزمة كورونا,1
147386,راديو,35-44,63,طبيعية,1
160026,وسائل التواصل,25-34,46,أزمة اقتصادية,0
62108,تلفزيون,45-54,65,طبيعية,1
116195,تلفزيون,25-34,8,طبيعية,1
108081,إعلانات رقمية,25-34,82,طبيعية,1
41668,وسائل التواصل,18-24,16,طبيعية,1
28061,إعلانات رقمية,25-34,50,أزمة كورونا,0
84252,إعلانات رقمية,18-24,17,طبيعية,1
44749,راديو,35-44,85,طبيعية,0
135560,وسائل التواصل,45-54,86,طبيعية,1
109680,وسائل التواصل,25-34,87,طبيعية,1
152979,إعلانات رقمية,25-34,8,طبيعية,1
154849,إعلانات رقمية,18-24,56,أزمة كورونا,0
56745,إعلانات رقمية,25-34,18,أزمة اقتصادية,0
113464,إعلانات رقمية,25-34,29,أزمة اقتصادية,0
96865,وسائل التواصل,35-44,24,طبيعية,0
117428,إعلانات رقمية,18-24,68,طبيعية,1
28624,وسائل التواصل,35-44,68,طبيعية,1
28321,إعلانات رقمية,45-54,44,طبيعية,0
146560,إعلانات رقمية,25-34,73,طبيعية,0
27574,إعلانات رقمية,45-54,44,طبيعية,1
141312,وسائل التواصل,35-44,73,طبيعية,1
179293,وسائل التواصل,35-44,67,أزمة اقتصادية,0
146550,وسائل التواصل,25-34,7,طبيعية,0
191717,وسائل التواصل,25-34,51,طبيعية,1
155334,تلفزيون,25-34,34,طبيعية,0
123831,إعلانات رقمية,25-34,27,طبيعية,0
188868,إعلانات رقمية,25-34,19,أزمة اقتصادية,1
140504,تلفزيون,35-44,33,طبيعية,0
100257,وسائل التواصل,18-24,13,طبيعية,1
69291,إعلانات رقمية,45-54,28,طبيعية,1
195471,راديو,35-44,80,طبيعية,1
132600,تلفزيون,25-34,59,طبيعية,1
55428,إعلانات رقمية,18-24,85,أزمة اقتصادية,0
136374,وسائل التواصل,45-54,85,أزمة اقتصادية,1
136127,وسائل التواصل,45-54,10,أزمة كورونا,1
116317,وسائل التواصل,35-44,29,طبيعية,1
144789,إعلانات رقمية,25-34,76,أزمة اقتصادية,1
132449,إعلانات رقمية,25-34,90,طبيعية,1
33699,وسائل التواصل,18-24,90,طبيعية,0
78686,وسائل التواصل,18-24,82,أزمة كورونا,1
72661,تلفزيون,35-44,39,طبيعية,0
49247,وسائل التواصل,35-44,34,طبيعية,0
152820,إعلانات رقمية,35-44,14,أزمة كورونا,1
110113,وسائل التواصل,45-54,7,طبيعية,0
9621,إعلانات رقمية,35-44,43,طبيعية,1
151106,وسائل التواصل,25-34,69,طبيعية,1
141198,وسائل التواصل,25-34,28,أزمة اقتصادية,1
141194,إعلانات رقمية,45-54,76,أزمة اقتصادية,1
23030,وسائل التواصل,18-24,27,أزمة اقتصادية,0
87838,إعلانات رقمية,45-54,41,طبيعية,0
89717,إعلانات رقمية,45-54,85,طبيعية,1
191730,إعلانات رقمية,18-24,11,طبيعية,0
43638,إعلانات رقمية,35-44,66,طبيعية,1
72067,بريد إلكتروني,45-54,52,طبيعية,0
123033,وسائل التواصل,35-44,56,طبيعية,1
110977,إعلانات رقمية,45-54,54,طبيعية,1
93869,وسائل التواصل,45-54,12,أزمة اقتصادية,1
110186,إعلانات رقمية,25-34,62,طبيعية,1
39674,بريد إلكتروني,25-34,65,طبيعية,1
171926,وسائل التواصل,45-54,35,طبيعية,0
51271,تلفزيون,35-44,77,أزمة اقتصادية,1
78688,إعلانات رقمية,18-24,83,أزمة كورونا,0
174590,وسائل التواصل,18-24,24,أزمة اقتصادية,0
116076,وسائل التواصل,35-44,8,أزمة اقتصادية,0
146339,تلفزيون,45-54,14,طبيعية,1
6062,إعلانات رقمية,45-54,81,طبيعية,1
55448,إعلانات رقمية,35-44,60,طبيعية,0
100462,بريد إلكتروني,18-24,44,طبيعية,0
142301,وسائل التواصل,25-34,54,طبيعية,1
192865,إعلانات رقمية,45-54,33,طبيعية,1
52915,إعلانات رقمية,18-24,26,أزمة اقتصادية,1
9632,بريد إلكتروني,25-34,18,أزمة اقتصادية,0
109592,إعلانات رقمية,18-24,49,أزمة كورونا,0
139668,تلفزيون,35-44,67,أزمة كورونا,1
114779,تلفزيون,45-54,37,أزمة كورونا,0
142240,إعلانات رقمية,25-34,67,طبيعية,1
113099,وسائل التواصل,25-34,80,طبيعية,1
12561,إعلانات رقمية,35-44,73,أزمة كورونا,0
87152,إعلانات رقمية,55+,41,أزمة كورونا,0
130036,تلفزيون,18-24,21,طبيعية,1
129049,راديو,25-34,22,أزمة اقتصادية,0
31734,وسائل التواصل,25-34,19,طبيعية,1
142443,وسائل التواصل,45-54,41,طبيعية,1
31069,إعلانات رقمية,25-34,81,أزمة كورونا,1
17910,إعلانات رقمية,18-24,65,طبيعية,1
78479,إعلانات رقمية,35-44,27,طبيعية,1
86264,إعلانات رقمية,35-44,60,طبيعية,1
28275,إعلانات رقمية,18-24,81,أزمة كورونا,0
77274,إعلانات رقمية,45-54,36,طبيعية,1
105776,إعلانات رقمية,18-24,54,أزمة كورونا,0
196076,إعلانات رقمية,35-44,41,طبيعية,1
199053,وسائل التواصل,25-34,44,طبيعية,0
18795,بريد إلكتروني,35-44,77,أزمة اقتصادية,0
3860,وسائل التواصل,25-34,9,طبيعية,1
41158,إعلانات رقمية,18-24,70,طبيعية,1
47732,وسائل التواصل,35-44,50,طبيعية,1
14284,وسائل التواصل,25-34,59,طبيعية,0
9265,وسائل التواصل,25-34,30,طبيعية,1
19850,بريد إلكتروني,45-54,66,طبيعية,0
40194,إعلانات رقمية,18-24,9,أزمة كورونا,0
24962,بريد إلكتروني,25-34,26,طبيعية,0
47131,بريد إلكتروني,35-44,52,طبيعية,0
19023,إعلانات رقمية,45-54,21,أزمة كورونا,0
44090,إعلانات رقمية,18-24,31,أزمة اقتصادية,1
4685,إعلانات رقمية,55+,84,طبيعية,1
3769,إعلانات رقمية,35-44,77,طبيعية,0
5433,إعلانات رقمية,25-34,23,طبيعية,1
8311,وسائل التواصل,25-34,15,أزمة اقتصادية,0
40819,إعلانات رقمية,35-44,44,أزمة اقتصادية,1
42188,إعلانات رقمية,25-34,54,طبيعية,1
20568,راديو,45-54,66,أزمة كورونا,0
22769,إعلانات رقمية,18-24,69,طبيعية,1
31693,راديو,45-54,8,طبيعية,0
9396,إعلانات رقمية,25-34,78,طبيعية,0
30480,إعلانات رقمية,55+,17,أزمة كورونا,1
44434,وسائل التواصل,18-24,70,طبيعية,1
28658,وسائل التواصل,18-24,83,أزمة كورونا,0
21942,راديو,35-44,87,أزمة كورونا,0
21431,تلفزيون,35-44,78,أزمة كورونا,1
5747,راديو,55+,27,طبيعية,0
3189,إعلانات رقمية,18-24,24,طبيعية,0
22118,إعلانات رقمية,55+,70,طبيعية,1
38773,تلفزيون,35-44,88,طبيعية,1
4899,راديو,35-44,44,طبيعية,0
4267,بريد إلكتروني,18-24,38,أزمة اقتصادية,0
34551,وسائل التواصل,45-54,17,طبيعية,1
14394,إعلانات رقمية,25-34,51,طبيعية,0
6556,تلفزيون,35-44,39,طبيعية,0
6890,إعلانات رقمية,35-44,47,طبيعية,1
44606,بريد إلكتروني,45-54,14,طبيعية,1
33740,راديو,45-54,17,طبيعية,1
17502,وسائل التواصل,55+,57,أزمة اقتصادية,0
24777,تلفزيون,55+,47,طبيعية,1
13627,تلفزيون,25-34,23,أزمة اقتصادية,0
11792,إعلانات رقمية,25-34,82,أزمة كورونا,1
46323,بريد إلكتروني,18-24,52,طبيعية,1
46021,وسائل التواصل,55+,38,أزمة اقتصادية,0
11433,راديو,35-44,85,طبيعية,1
46001,إعلانات رقمية,55+,86,أزمة كورونا,0
14016,راديو,35-44,60,طبيعية,1
26897,إعلانات رقمية,45-54,26,أزمة كورونا,0
5612,إعلانات رقمية,55+,39,أزمة كورونا,0
26483,بريد إلكتروني,45-54,80,أزمة كورونا,1
20159,إعلانات رقمية,25-34,46,أزمة كورونا,0
47974,إعلانات رقمية,25-34,38,طبيعية,1
43994,بريد إلكتروني,18-24,8,طبيعية,0
17541,بريد إلكتروني,55+,39,طبيعية,1
38920,وسائل التواصل,45-54,83,طبيعية,1
29531,وسائل التواصل,35-44,36,طبيعية,1
4585,وسائل التواصل,25-34,39,طبيعية,0
6943,إعلانات رقمية,25-34,83,أزمة اقتصادية,0
26939,إعلانات رقمية,35-44,32,طبيعية,1
22457,وسائل التواصل,45-54,28,أزمة كورونا,0
4021,تلفزيون,45-54,72,طبيعية,1
14653,تلفزيون,55+,44,أزمة كورونا,1
46573,تلفزيون,55+,52,أزمة اقتصادية,1
16417,إعلانات رقمية,18-24,21,طبيعية,1
43757,وسائل التواصل,25-34,50,طبيعية,1
12692,إعلانات رقمية,55+,55,أزمة كورونا,1
48758,وسائل التواصل,45-54,81,طبيعية,1
9873,وسائل التواصل,35-44,67,طبيعية,1
8675,راديو,45-54,73,طبيعية,1
3161,إعلانات رقمية,25-34,12,طبيعية,0
40065,إعلانات رقمية,45-54,15,طبيعية,1
29557,إعلانات رقمية,18-24,12,طبيعية,1
36763,تلفزيون,25-34,79,طبيعية,0
35606,وسائل التواصل,35-44,38,طبيعية,1
14534,إعلانات رقمية,18-24,47,أزمة اقتصادية,0
32127,إعلانات رقمية,25-34,82,طبيعية,1
43397,تلفزيون,35-44,14,أزمة اقتصادية,1
28851,إعلانات رقمية,18-24,78,طبيعية,1
4016,راديو,18-24,56,طبيعية,0
27253,تلفزيون,25-34,68,طبيعية,0
27276,إعلانات رقمية,55+,68,طبيعية,1
26247,إعلانات رقمية,18-24,13,طبيعية,1
27300,بريد إلكتروني,18-24,81,طبيعية,0
11529,إعلانات رقمية,35-44,86,طبيعية,1
20262,إعلانات رقمية,45-54,10,طبيعية,1
12268,راديو,25-34,12,طبيعية,1
24271,بريد إلكتروني,25-34,64,طبيعية,1
15185,بريد إلكتروني,55+,28,طبيعية,1
24243,تلفزيون,55+,32,أزمة كورونا,0
42099,إعلانات رقمية,25-34,9,طبيعية,1
11571,إعلانات رقمية,55+,47,طبيعية,1
42976,تلفزيون,35-44,66,أزمة اقتصادية,0
41044,وسائل التواصل,25-34,20,طبيعية,1
43774,وسائل التواصل,55+,81,طبيعية,1
5568,بريد إلكتروني,25-34,88,أزمة اقتصادية,1
5027,إعلانات رقمية,45-54,18,طبيعية,0
5695,وسائل التواصل,18-24,18,طبيعية,1
8258,إعلانات رقمية,25-34,19,طبيعية,0
25002,وسائل التواصل,18-24,31,طبيعية,1
42504,إعلانات رقمية,55+,51,طبيعية,1
36159,إعلانات رقمية,18-24,25,طبيعية,1
16986,إعلانات رقمية,25-34,61,طبيعية,0
15666,وسائل التواصل,45-54,51,طبيعية,0
41660,تلفزيون,55+,14,أزمة اقتصادية,0
6561,وسائل التواصل,25-34,59,أزمة كورونا,0
29854,بريد إلكتروني,55+,61,طبيعية,0
41952,إعلانات رقمية,35-44,38,طبيعية,1
25662,إعلانات رقمية,18-24,57,طبيعية,1
11392,راديو,35-44,50,طبيعية,1
33535,إعلانات رقمية,25-34,88,طبيعية,1
16067,بريد إلكتروني,45-54,76,طبيعية,1
26599,إعلانات رقمية,55+,24,أزمة كورونا,0
38222,بريد إلكتروني,18-24,89,طبيعية,1
14837,إعلانات رقمية,55+,28,طبيعية,0
17039,راديو,25-34,43,طبيعية,0
33818,وسائل التواصل,55+,62,طبيعية,1
22115,بريد إلكتروني,18-24,65,أزمة كورونا,1
13965,إعلانات رقمية,25-34,9,أزمة كورونا,0
27538,وسائل التواصل,55+,34,أزمة كورونا,0
45530,بريد إلكتروني,45-54,80,طبيعية,1
8056,وسائل التواصل,25-34,41,طبيعية,1
35482,وسائل التواصل,25-34,67,طبيعية,1
11110,وسائل التواصل,45-54,60,طبيعية,0
16773,وسائل التواصل,35-44,69,طبيعية,1
30266,وسائل التواصل,18-24,85,أزمة كورونا,0
20412,وسائل التواصل,35-44,13,طبيعية,1
36270,بريد إلكتروني,55+,82,طبيعية,0
9910,إعلانات رقمية,45-54,55,طبيعية,1
48453,إعلانات رقمية,35-44,37,طبيعية,1
28446,بريد إلكتروني,25-34,64,طبيعية,1
3206,راديو,55+,67,أزمة اقتصادية,1
24518,وسائل التواصل,55+,30,أزمة كورونا,0
25361,وسائل التواصل,35-44,26,أزمة اقتصادية,0
26419,إعلانات رقمية,35-44,43,طبيعية,1
44523,إعلانات رقمية,45-54,10,طبيعية,1
48151,وسائل التواصل,18-24,26,طبيعية,1
25403,إعلانات رقمية,35-44,66,طبيعية,1
21141,وسائل التواصل,35-44,30,أزمة كورونا,1
17820,إعلانات رقمية,25-34,56,طبيعية,1
43342,بريد إلكتروني,55+,55,طبيعية,0
9374,بريد إلكتروني,18-24,57,طبيعية,1
4678,وسائل التواصل,25-34,42,طبيعية,1
36827,وسائل التواصل,45-54,72,أزمة كورونا,0
19198,إعلانات رقمية,45-54,85,طبيعية,1
12914,راديو,35-44,40,طبيعية,0
30890,وسائل التواصل,35-44,42,طبيعية,1
25299,إعلانات رقمية,45-54,12,طبيعية,1
46585,بريد إلكتروني,35-44,45,أزمة كورونا,0
46689,راديو,18-24,48,أزمة كورونا,0
45557,بريد إلكتروني,35-44,64,أزمة اقتصادية,1
47020,تلفزيون,55+,18,أزمة كورونا,1
5693,وسائل التواصل,35-44,9,طبيعية,1
32467,وسائل التواصل,25-34,24,طبيعية,1
32723,بريد إلكتروني,18-24,46,طبيعية,0
49699,راديو,25-34,27,طبيعية,1
6627,إعلانات رقمية,25-34,21,أزمة كورونا,0
28939,إعلانات رقمية,55+,32,طبيعية,1
45941,إعلانات رقمية,18-24,14,أزمة اقتصادية,0
24834,راديو,18-24,48,طبيعية,0
21047,بريد إلكتروني,18-24,50,طبيعية,0
29105,إعلانات رقمية,18-24,20,طبيعية,1
13230,وسائل التواصل,18-24,84,أزمة كورونا,0
18707,إعلانات رقمية,55+,8,طبيعية,1
24976,بريد إلكتروني,35-44,43,طبيعية,0
47262,راديو,25-34,75,طبيعية,0
26776,راديو,18-24,44,طبيعية,0
33080,وسائل التواصل,35-44,47,طبيعية,1
4306,وسائل التواصل,35-44,68,أزمة كورونا,0
9776,إعلانات رقمية,25-34,66,طبيعية,0
30251,إعلانات رقمية,55+,20,طبيعية,1
12474,راديو,45-54,8,طبيعية,0
43294,راديو,45-54,76,طبيعية,0
24959,بريد إلكتروني,35-44,23,أزمة كورونا,0
8530,بريد إلكتروني,25-34,34,طبيعية,0
32320,وسائل التواصل,45-54,72,طبيعية,1
6748,تلفزيون,35-44,41,طبيعية,0
34968,بريد إلكتروني,55+,11,أزمة اقتصادية,1
35562,راديو,45-54,71,أزمة كورونا,0
16545,إعلانات رقمية,35-44,46,طبيعية,0
3663,وسائل التواصل,35-44,82,طبيعية,0
37766,إعلانات رقمية,18-24,62,طبيعية,1
10994,بريد إلكتروني,55+,42,أزمة كورونا,0
31021,وسائل التواصل,18-24,51,طبيعية,1
33303,إعلانات رقمية,25-34,29,طبيعية,1
6304,وسائل التواصل,18-24,53,طبيعية,0
49576,وسائل التواصل,18-24,37,طبيعية,1
42353,إعلانات رقمية,45-54,17,طبيعية,1
20675,إعلانات رقمية,35-44,16,أزمة كورونا,1
47417,وسائل التواصل,55+,73,طبيعية,1
26938,وسائل التواصل,18-24,20,طبيعية,1
26664,تلفزيون,55+,86,طبيعية,1
4636,وسائل التواصل,18-24,80,أزمة اقتصادية,0
23080,راديو,25-34,16,طبيعية,0
30728,وسائل التواصل,18-24,82,أزمة كورونا,0
29736,وسائل التواصل,45-54,7,طبيعية,1
31673,راديو,35-44,11,طبيعية,0
40505,وسائل التواصل,25-34,26,طبيعية,1
49645,إعلانات رقمية,18-24,14,طبيعية,1
3854,إعلانات رقمية,55+,49,طبيعية,1
27548,تلفزيون,25-34,82,أزمة كورونا,0
41623,وسائل التواصل,25-34,7,طبيعية,1
10392,تلفزيون,18-24,63,طبيعية,1
49717,إعلانات رقمية,25-34,70,طبيعية,1
24556,إعلانات رقمية,55+,34,أزمة اقتصادية,0
41559,إعلانات رقمية,25-34,43,أزمة كورونا,1
29309,إعلانات رقمية,55+,53,طبيعية,1
24919,وسائل التواصل,18-24,82,أزمة اقتصادية,0
7931,إعلانات رقمية,35-44,43,طبيعية,0
35970,وسائل التواصل,25-34,55,طبيعية,1
47215,بريد إلكتروني,35-44,50,أزمة كورونا,1
15688,إعلانات رقمية,55+,62,أزمة كورونا,0
28342,وسائل التواصل,25-34,34,طبيعية,1
40157,تلفزيون,45-54,85,طبيعية,0
5327,إعلانات رقمية,35-44,12,طبيعية,0
43772,وسائل التواصل,25-34,67,أزمة اقتصادية,0
43545,راديو,35-44,26,طبيعية,0
3197,بريد إلكتروني,25-34,84,طبيعية,1
26509,إعلانات رقمية,18-24,8,طبيعية,1
37698,بريد إلكتروني,35-44,79,طبيعية,0
47542,وسائل التواصل,45-54,43,طبيعية,1
18087,إعلانات رقمية,45-54,26,أزمة اقتصادية,1
25671,وسائل التواصل,55+,32,طبيعية,1
28184,بريد إلكتروني,25-34,35,طبيعية,1
30848,وسائل التواصل,35-44,7,طبيعية,1
45107,إعلانات رقمية,55+,41,أزمة كورونا,0
23666,وسائل التواصل,35-44,76,طبيعية,1
47357,إعلانات رقمية,25-34,65,طبيعية,1
18708,إعلانات رقمية,45-54,75,أزمة كورونا,1
29370,إعلانات رقمية,18-24,39,أزمة كورونا,1
5811,إعلانات رقمية,45-54,57,أزمة كورونا,1
9546,إعلانات رقمية,55+,84,أزمة اقتصادية,1
37754,إعلانات رقمية,18-24,18,طبيعية,1
33206,وسائل التواصل,55+,26,أزمة كورونا,1
44106,إعلانات رقمية,25-34,59,طبيعية,1
14411,إعلانات رقمية,18-24,49,أزمة كورونا,0
5911,راديو,55+,56,أزمة كورونا,0
4734,وسائل التواصل,25-34,35,أزمة كورونا,0
21227,وسائل التواصل,45-54,63,طبيعية,1
11680,إعلانات رقمية,25-34,45,طبيعية,0
22360,إعلانات رقمية,35-44,62,طبيعية,1
21343,إعلانات رقمية,25-34,49,أزمة اقتصادية,0
8759,إعلانات رقمية,25-34,56,أزمة اقتصادية,0
26078,إعلانات رقمية,35-44,29,طبيعية,1
38153,إعلانات رقمية,55+,50,طبيعية,1
14111,إعلانات رقمية,55+,44,طبيعية,0
40504,إعلانات رقمية,25-34,29,أزمة كورونا,1
4802,وسائل التواصل,35-44,51,أزمة كورونا,1
11155,إعلانات رقمية,35-44,58,طبيعية,1
11120,إعلانات رقمية,45-54,86,طبيعية,1
42384,وسائل التواصل,55+,56,أزمة كورونا,0
24918,وسائل التواصل,18-24,14,أزمة كورونا,1
23445,إعلانات رقمية,55+,7,طبيعية,1
33306,تلفزيون,55+,14,طبيعية,0
19646,وسائل التواصل,45-54,35,طبيعية,1
49843,إعلانات رقمية,18-24,11,طبيعية,1
34065,راديو,45-54,53,طبيعية,1
28199,بريد إلكتروني,18-24,40,طبيعية,1
44976,إعلانات رقمية,25-34,71,أزمة كورونا,1
19371,إعلانات رقمية,18-24,61,طبيعية,1
14835,راديو,45-54,49,أزمة كورونا,0
48936,تلفزيون,55+,80,طبيعية,0
5049,إعلانات رقمية,18-24,36,طبيعية,0
34616,إعلانات رقمية,18-24,88,طبيعية,1
41191,إعلانات رقمية,35-44,23,طبيعية,1
23932,وسائل التواصل,55+,32,أزمة كورونا,1
32855,وسائل التواصل,25-34,14,أزمة اقتصادية,1
10158,إعلانات رقمية,45-54,53,طبيعية,0
46016,وسائل التواصل,25-34,82,طبيعية,1
10400,تلفزيون,55+,78,أزمة كورونا,0
45642,إعلانات رقمية,18-24,52,طبيعية,1
18151,إعلانات رقمية,18-24,74,طبيعية,1
4154,تلفزيون,55+,39,أزمة كورونا,0
7499,راديو,18-24,7,طبيعية,0
9295,وسائل التواصل,18-24,25,طبيعية,0
15183,وسائل التواصل,18-24,37,طبيعية,1
32299,إعلانات رقمية,45-54,86,أزمة كورونا,1
15874,وسائل التواصل,45-54,20,طبيعية,0
35711,وسائل التواصل,35-44,59,طبيعية,1
8539,إعلانات رقمية,25-34,54,أزمة كورونا,0
45405,إعلانات رقمية,55+,75,طبيعية,1
5557,إعلانات رقمية,55+,68,أزمة كورونا,1
41360,إعلانات رقمية,55+,72,طبيعية,1
19482,إعلانات رقمية,35-44,70,أزمة اقتصادية,0
5200,إعلانات رقمية,45-54,76,طبيعية,0
49940,إعلانات رقمية,35-44,69,طبيعية,1
5961,إعلانات رقمية,55+,79,طبيعية,0
49975,راديو,25-34,39,طبيعية,1
24357,وسائل التواصل,18-24,47,أزمة كورونا,0
14969,وسائل التواصل,45-54,54,أزمة اقتصادية,0
5869,تلفزيون,45-54,19,طبيعية,0
49760,وسائل التواصل,35-44,79,طبيعية,1
31643,إعلانات رقمية,45-54,83,أزمة كورونا,1
27736,وسائل التواصل,55+,37,أزمة كورونا,0
41467,وسائل التواصل,55+,81,طبيعية,1
26328,تلفزيون,35-44,74,طبيعية,0
28876,وسائل التواصل,55+,10,طبيعية,1
24295,إعلانات رقمية,25-34,25,طبيعية,1
6987,إعلانات رقمية,35-44,76,طبيعية,0
25399,إعلانات رقمية,25-34,88,طبيعية,1
49214,وسائل التواصل,18-24,19,طبيعية,1
36986,وسائل التواصل,25-34,29,أزمة كورونا,0
23880,إعلانات رقمية,18-24,89,طبيعية,1
7735,بريد إلكتروني,18-24,81,طبيعية,0
47064,وسائل التواصل,25-34,7,طبيعية,1
7555,إعلانات رقمية,35-44,60,طبيعية,0
44914,إعلانات رقمية,55+,77,طبيعية,1
43818,إعلانات رقمية,55+,21,طبيعية,1
48525,إعلانات رقمية,18-24,71,طبيعية,1
22830,إعلانات رقمية,18-24,82,طبيعية,1
20429,إعلانات رقمية,35-44,77,طبيعية,1
9893,إعلانات رقمية,45-54,21,طبيعية,1
17373,إعلانات رقمية,25-34,27,أزمة كورونا,0
6436,راديو,18-24,25,طبيعية,0
11754,إعلانات رقمية,55+,66,أزمة كورونا,0
13677,وسائل التواصل,35-44,39,طبيعية,0
8895,وسائل التواصل,25-34,55,طبيعية,0
22738,بريد إلكتروني,35-44,41,طبيعية,0
33746,إعلانات رقمية,25-34,50,طبيعية,1
35352,إعلانات رقمية,25-34,17,أزمة كورونا,1
42790,بريد إلكتروني,18-24,78,أزمة كورونا,1
44919,راديو,35-44,84,أزمة كورونا,0
8600,راديو,35-44,80,طبيعية,0
32124,إعلانات رقمية,55+,72,طبيعية,1
30643,إعلانات رقمية,55+,52,طبيعية,1
43764,وسائل التواصل,18-24,15,طبيعية,1
12007,بريد إلكتروني,18-24,9,طبيعية,0
48714,وسائل التواصل,45-54,32,طبيعية,1
40410,وسائل التواصل,55+,78,طبيعية,1
47080,إعلانات رقمية,25-34,54,طبيعية,1
43447,تلفزيون,35-44,72,أزمة كورونا,0
11208,إعلانات رقمية,18-24,76,أزمة اقتصادية,0
21589,إعلانات رقمية,35-44,34,أزمة اقتصادية,0
46484,وسائل التواصل,35-44,32,طبيعية,1
20453,وسائل التواصل,45-54,31,طبيعية,1
39212,إعلانات رقمية,55+,18,طبيعية,1
46525,إعلانات رقمية,18-24,11,أزمة كورونا,0
35635,وسائل التواصل,35-44,54,طبيعية,1
36828,إعلانات رقمية,18-24,43,طبيعية,1
21711,وسائل التواصل,25-34,85,أزمة كورونا,1
6420,إعلانات رقمية,45-54,50,طبيعية,0
34216,وسائل التواصل,25-34,21,طبيعية,1
3301,وسائل التواصل,18-24,49,طبيعية,0
48236,إعلانات رقمية,18-24,54,طبيعية,1
3699,إعلانات رقمية,55+,76,طبيعية,0
3190,إعلانات رقمية,35-44,52,طبيعية,0
13492,إعلانات رقمية,35-44,49,طبيعية,0
38743,بريد إلكتروني,25-34,27,طبيعية,0
9102,إعلانات رقمية,45-54,29,أزمة كورونا,1
22778,راديو,35-44,86,طبيعية,1
29641,إعلانات رقمية,55+,53,طبيعية,1
37584,وسائل التواصل,25-34,21,طبيعية,1
35745,تلفزيون,25-34,31,أزمة اقتصادية,1
26093,وسائل التواصل,55+,42,طبيعية,1
3569,وسائل التواصل,45-54,81,طبيعية,1
41210,وسائل التواصل,55+,57,أزمة كورونا,0
37663,إعلانات رقمية,45-54,21,أزمة كورونا,1
39631,بريد إلكتروني,55+,74,طبيعية,0
48681,راديو,55+,27,أزمة كورونا,1
10455,بريد إلكتروني,18-24,19,طبيعية,1
7014,إعلانات رقمية,25-34,25,طبيعية,0
14093,تلفزيون,55+,40,طبيعية,0
21070,بريد إلكتروني,55+,84,طبيعية,1
38777,إعلانات رقمية,35-44,74,أزمة كورونا,0
19538,إعلانات رقمية,25-34,58,طبيعية,1
13729,تلفزيون,35-44,33,طبيعية,0
37177,وسائل التواصل,25-34,35,أزمة كورونا,0
48017,راديو,35-44,34,أزمة كورونا,0
3784,إعلانات رقمية,55+,41,طبيعية,0
30751,تلفزيون,55+,14,طبيعية,1
43864,إعلانات رقمية,18-24,22,طبيعية,1
43328,إعلانات رقمية,35-44,42,أزمة كورونا,0
15533,إعلانات رقمية,45-54,36,طبيعية,0
43111,راديو,18-24,24,أزمة اقتصادية,0
42974,وسائل التواصل,35-44,8,طبيعية,1
8801,وسائل التواصل,35-44,55,طبيعية,1
22190,إعلانات رقمية,18-24,83,طبيعية,1
41754,راديو,55+,10,طبيعية,1
32592,إعلانات رقمية,35-44,81,طبيعية,1
13647,راديو,55+,13,أزمة اقتصادية,0
11716,وسائل التواصل,18-24,80,طبيعية,1
26355,إعلانات رقمية,55+,45,طبيعية,1
25009,وسائل التواصل,25-34,19,أزمة كورونا,0
27376,إعلانات رقمية,45-54,37,طبيعية,1
48091,تلفزيون,35-44,77,أزمة كورونا,0
7780,وسائل التواصل,45-54,69,طبيعية,1
5368,إعلانات رقمية,55+,62,طبيعية,1
15039,راديو,35-44,48,طبيعية,0
9655,إعلانات رقمية,55+,67,طبيعية,1
43941,وسائل التواصل,25-34,48,أزمة اقتصادية,0
7495,بريد إلكتروني,18-24,62,طبيعية,0
13893,وسائل التواصل,35-44,42,طبيعية,1
28547,إعلانات رقمية,25-34,74,طبيعية,1
25386,بريد إلكتروني,25-34,13,طبيعية,0
16403,وسائل التواصل,35-44,60,أزمة كورونا,0
35097,إعلانات رقمية,55+,7,طبيعية,1
16121,إعلانات رقمية,25-34,50,طبيعية,1
13966,تلفزيون,45-54,51,أزمة اقتصادية,1
36621,وسائل التواصل,25-34,53,طبيعية,1
31312,وسائل التواصل,55+,19,أزمة اقتصادية,0
25677,راديو,55+,28,طبيعية,0
34289,تلفزيون,45-54,27,طبيعية,1
34024,إعلانات رقمية,25-34,15,طبيعية,1
45675,إعلانات رقمية,55+,32,أزمة كورونا,0
7777,إعلانات رقمية,35-44,15,أزمة اقتصادية,1
32749,تلفزيون,18-24,21,طبيعية,0
18338,إعلانات رقمية,18-24,16,طبيعية,1
5491,وسائل التواصل,18-24,48,طبيعية,1
30236,تلفزيون,25-34,78,طبيعية,1
17599,راديو,45-54,30,طبيعية,0
22508,إعلانات رقمية,55+,86,أزمة اقتصادية,0
6051,راديو,35-44,55,طبيعية,1
24606,إعلانات رقمية,35-44,32,طبيعية,1
24699,راديو,25-34,43,طبيعية,1
3876,إعلانات رقمية,18-24,74,طبيعية,0
35093,إعلانات رقمية,25-34,56,طبيعية,1
7142,تلفزيون,45-54,30,طبيعية,1
18202,إعلانات رقمية,45-54,25,أزمة كورونا,1
42734,إعلانات رقمية,55+,66,طبيعية,1
10079,تلفزيون,55+,45,طبيعية,1
10987,تلفزيون,45-54,80,طبيعية,1
42567,وسائل التواصل,45-54,24,أزمة كورونا,0
31940,وسائل التواصل,45-54,25,أزمة كورونا,0
40233,وسائل التواصل,25-34,42,طبيعية,1
20019,إعلانات رقمية,45-54,80,أزمة كورونا,0
49185,إعلانات رقمية,35-44,61,طبيعية,1
21077,إعلانات رقمية,18-24,75,طبيعية,1
29258,بريد إلكتروني,45-54,53,طبيعية,0
24136,وسائل التواصل,18-24,55,طبيعية,1
11311,وسائل التواصل,25-34,39,طبيعية,1
20214,وسائل التواصل,18-24,27,أزمة اقتصادية,1
17098,بريد إلكتروني,25-34,87,أزمة كورونا,0
31251,إعلانات رقمية,35-44,28,طبيعية,1
40945,وسائل التواصل,25-34,54,طبيعية,1
28945,وسائل التواصل,25-34,43,طبيعية,1
28316,وسائل التواصل,55+,21,طبيعية,1
35217,إعلانات رقمية,45-54,41,طبيعية,1
11308,راديو,45-54,77,طبيعية,1
8949,بريد إلكتروني,35-44,38,طبيعية,1
4150,وسائل التواصل,35-44,17,أزمة كورونا,0
26944,وسائل التواصل,45-54,16,طبيعية,1
37699,بريد إلكتروني,55+,79,طبيعية,0
12204,تلفزيون,45-54,84,أزمة كورونا,0
4081,إعلانات رقمية,55+,83,طبيعية,0
32305,وسائل التواصل,35-44,63,طبيعية,1
19896,وسائل التواصل,18-24,31,طبيعية,1
49175,وسائل التواصل,35-44,8,طبيعية,1
10805,تلفزيون,35-44,70,أزمة كورونا,0
8237,بريد إلكتروني,25-34,41,طبيعية,1
23056,بريد إلكتروني,25-34,13,طبيعية,0
48543,وسائل التواصل,25-34,24,أزمة كورونا,0
48952,إعلانات رقمية,25-34,73,أزمة كورونا,0
6343,بريد إلكتروني,55+,48,أزمة كورونا,1
16500,راديو,45-54,45,طبيعية,1
32375,إعلانات رقمية,18-24,47,طبيعية,1
12662,بريد إلكتروني,35-44,81,أزمة اقتصادية,0
19964,راديو,55+,30,أزمة كورونا,1
11130,وسائل التواصل,18-24,66,طبيعية,0
22531,وسائل التواصل,55+,52,طبيعية,1
4679,إعلانات رقمية,55+,25,طبيعية,0
6506,إعلانات رقمية,35-44,74,أزمة اقتصادية,0
16284,إعلانات رقمية,45-54,48,طبيعية,0
10253,راديو,25-34,38,طبيعية,1
22128,إعلانات رقمية,45-54,45,طبيعية,1
30932,إعلانات رقمية,35-44,42,طبيعية,1
12435,إعلانات رقمية,35-44,42,أزمة كورونا,0
47078,وسائل التواصل,35-44,9,طبيعية,1
16296,بريد إلكتروني,18-24,79,أزمة كورونا,1
33445,إعلانات رقمية,45-54,14,أزمة اقتصادية,1
16245,إعلانات رقمية,45-54,76,طبيعية,0
32124,تلفزيون,55+,47,طبيعية,0
32899,وسائل التواصل,55+,74,طبيعية,1
46919,إعلانات رقمية,55+,19,أزمة كورونا,1
46225,وسائل التواصل,35-44,55,طبيعية,1
38247,إعلانات رقمية,45-54,66,طبيعية,1
32222,إعلانات رقمية,35-44,8,أزمة كورونا,0
29211,وسائل التواصل,18-24,66,طبيعية,1
40220,وسائل التواصل,55+,11,أزمة اقتصادية,1
29646,بريد إلكتروني,35-44,50,طبيعية,0
41649,إعلانات رقمية,35-44,33,طبيعية,1
26049,وسائل التواصل,18-24,38,طبيعية,1
17069,وسائل التواصل,25-34,27,أزمة كورونا,0
35580,إعلانات رقمية,45-54,14,طبيعية,1
34843,وسائل التواصل,25-34,78,أزمة كورونا,0
5849,إعلانات رقمية,55+,56,أزمة اقتصادية,0
43158,بريد إلكتروني,35-44,73,طبيعية,1
26289,إعلانات رقمية,18-24,50,أزمة اقتصادية,0
47690,وسائل التواصل,18-24,64,طبيعية,1
38257,إعلانات رقمية,45-54,9,طبيعية,1
12823,بريد إلكتروني,25-34,76,طبيعية,0
44975,وسائل التواصل,45-54,8,أزمة كورونا,1
12540,وسائل التواصل,35-44,50,طبيعية,0
19364,إعلانات رقمية,45-54,8,طبيعية,0
7611,تلفزيون,18-24,87,طبيعية,0
30663,إعلانات رقمية,18-24,41,طبيعية,1
41646,راديو,55+,36,طبيعية,1
33977,إعلانات رقمية,55+,14,أزمة كورونا,0
32168,إعلانات رقمية,35-44,28,أزمة كورونا,1
28471,إعلانات رقمية,25-34,50,طبيعية,1
25687,وسائل التواصل,45-54,64,أزمة اقتصادية,0
